Sample,samp_date,E.O,Block,Species,Length,Weight,N
PAP20200630-01,30.06.2020,Edge,1,Bairdiella chrysoura,33,0.4,1
PAP20200630-01,30.06.2020,Edge,1,Bairdiella chrysoura,38,0.6,1
PAP20200630-01,30.06.2020,Edge,1,Bairdiella chrysoura,34,0.4,1
PAP20200630-01,30.06.2020,Edge,1,Bairdiella chrysoura,38,0.7,1
PAP20200630-01,30.06.2020,Edge,1,Bairdiella chrysoura,41,0.8,1
PAP20200630-01,30.06.2020,Edge,1,Bairdiella chrysoura,41,0.8,1
PAP20200630-01,30.06.2020,Edge,1,Bairdiella chrysoura,35,0.5,1
PAP20200630-01,30.06.2020,Edge,1,Bairdiella chrysoura,42,0.8,1
PAP20200630-01,30.06.2020,Edge,1,Bairdiella chrysoura,40,0.8,1
PAP20200630-01,30.06.2020,Edge,1,Bairdiella chrysoura,42,0.8,1
PAP20200630-01,30.06.2020,Edge,1,Bairdiella chrysoura,43,0.9,1
PAP20200630-01,30.06.2020,Edge,1,Bairdiella chrysoura,39,0.7,1
PAP20200630-02,30.06.2020,Off,1,Bairdiella chrysoura,41,0.8,1
PAP20200630-02,30.06.2020,Off,1,Bairdiella chrysoura,67,4.3,1
PAP20200630-02,30.06.2020,Off,1,Bairdiella chrysoura,44,1,1
PAP20200630-02,30.06.2020,Off,1,Bairdiella chrysoura,49,1.4,1
PAP20200630-02,30.06.2020,Off,1,Bairdiella chrysoura,60,2.5,1
PAP20200630-02,30.06.2020,Off,1,Bairdiella chrysoura,37,0.6,1
PAP20200630-02,30.06.2020,Off,1,Bairdiella chrysoura,42,1,1
PAP20200630-02,30.06.2020,Off,1,Bairdiella chrysoura,50,1.4,1
PAP20200630-02,30.06.2020,Off,1,Bairdiella chrysoura,40,0.8,1
PAP20200630-02,30.06.2020,Off,1,Bairdiella chrysoura,42,0.9,1
PAP20200630-02,30.06.2020,Off,1,Bairdiella chrysoura,44,1.2,1
PAP20200630-02,30.06.2020,Off,1,Bairdiella chrysoura,40,0.8,1
PAP20200630-04,30.06.2020,Edge,2,Bairdiella chrysoura,41,0.8,1
PAP20200630-04,30.06.2020,Edge,2,Bairdiella chrysoura,47,1.2,1
PAP20200630-04,30.06.2020,Edge,2,Bairdiella chrysoura,47,1.1,1
PAP20200630-04,30.06.2020,Edge,2,Bairdiella chrysoura,47,1.1,1
PAP20200630-04,30.06.2020,Edge,2,Bairdiella chrysoura,57,1.9,1
PAP20200630-04,30.06.2020,Edge,2,Bairdiella chrysoura,42,0.8,1
PAP20200630-05,30.06.2020,Off,3,Bairdiella chrysoura,44,1,1
PAP20200630-05,30.06.2020,Off,3,Bairdiella chrysoura,41,0.8,1
PAP20200630-05,30.06.2020,Off,3,Bairdiella chrysoura,39,0.7,1
PAP20200630-05,30.06.2020,Off,3,Bairdiella chrysoura,40,0.8,1
PAP20200630-05,30.06.2020,Off,3,Bairdiella chrysoura,38,0.8,1
PAP20200630-06,30.06.2020,Edge,3,Bairdiella chrysoura,45,1,1
PAP20200630-07,30.06.2020,Edge,4,Bairdiella chrysoura,60,2.5,1
PAP20200630-07,30.06.2020,Edge,4,Bairdiella chrysoura,42,0.9,1
PAP20200630-07,30.06.2020,Edge,4,Bairdiella chrysoura,39,0.7,1
PAP20200630-07,30.06.2020,Edge,4,Bairdiella chrysoura,52,1.6,1
PAP20200630-07,30.06.2020,Edge,4,Bairdiella chrysoura,82,6.5,1
PAP20200630-07,30.06.2020,Edge,4,Bairdiella chrysoura,53,1.7,1
PAP20200630-07,30.06.2020,Edge,4,Bairdiella chrysoura,70,4.4,1
PAP20200630-07,30.06.2020,Edge,4,Bairdiella chrysoura,45,0.9,1
PAP20200630-07,30.06.2020,Edge,4,Bairdiella chrysoura,71,4.2,1
PAP20200630-07,30.06.2020,Edge,4,Bairdiella chrysoura,44,1,1
PAP20200630-07,30.06.2020,Edge,4,Bairdiella chrysoura,72,4.9,1
PAP20200630-07,30.06.2020,Edge,4,Bairdiella chrysoura,61,2.9,1
PAP20200630-07,30.06.2020,Edge,4,Bairdiella chrysoura,46,1.1,1
PAP20200630-08,30.06.2020,Off,4,Bairdiella chrysoura,71,4.2,1
PAP20200630-08,30.06.2020,Off,4,Bairdiella chrysoura,61,2.5,1
PAP20200630-08,30.06.2020,Off,4,Bairdiella chrysoura,74,5,1
PAP20200630-08,30.06.2020,Off,4,Bairdiella chrysoura,63,2.8,1
PAP20200630-08,30.06.2020,Off,4,Bairdiella chrysoura,56,2.1,1
PAP20200630-08,30.06.2020,Off,4,Bairdiella chrysoura,52,1.4,1
PAP20200630-08,30.06.2020,Off,4,Bairdiella chrysoura,58,2.1,1
PAP20200630-08,30.06.2020,Off,4,Bairdiella chrysoura,51,1.5,1
PAP20200630-08,30.06.2020,Off,4,Bairdiella chrysoura,55,1.8,1
PAP20200630-08,30.06.2020,Off,4,Bairdiella chrysoura,56,1.8,1
PAP20200630-08,30.06.2020,Off,4,Bairdiella chrysoura,47,1.1,1
PAP20200630-08,30.06.2020,Off,4,Bairdiella chrysoura,44,0.8,1
PAP20200630-08,30.06.2020,Off,4,Bairdiella chrysoura,44,1,1
PAP20200630-08,30.06.2020,Off,4,Bairdiella chrysoura,48,1.2,1
PAP20200630-08,30.06.2020,Off,4,Bairdiella chrysoura,43,0.9,1
PAP20200630-08,30.06.2020,Off,4,Bairdiella chrysoura,52,1.5,1
PAP20200630-08,30.06.2020,Off,4,Bairdiella chrysoura,47,1,1
PAP20200630-08,30.06.2020,Off,4,Bairdiella chrysoura,50,1.3,1
PAP20200630-08,30.06.2020,Off,4,Bairdiella chrysoura,44,0.8,1
PAP20200630-08,30.06.2020,Off,4,Bairdiella chrysoura,39,0.7,1
PAP20200630-08,30.06.2020,Off,4,Bairdiella chrysoura,,,4
PAP20200630-10,30.06.2020,Off,5,Bairdiella chrysoura,60,2.2,1
PAP20200630-10,30.06.2020,Off,5,Bairdiella chrysoura,45,0.9,1
PAP20200630-10,30.06.2020,Off,5,Bairdiella chrysoura,40,0.7,1
PAP20200708-01,08.07.2020,Edge,2,Bairdiella chrysoura,41,0.9,1
PAP20200708-01,08.07.2020,Edge,2,Bairdiella chrysoura,52,1.5,1
PAP20200708-01,08.07.2020,Edge,2,Bairdiella chrysoura,39,0.7,1
PAP20200708-01,08.07.2020,Edge,2,Bairdiella chrysoura,35,0.5,1
PAP20200708-01,08.07.2020,Edge,2,Bairdiella chrysoura,33,0.5,1
PAP20200708-01,08.07.2020,Edge,2,Bairdiella chrysoura,38,0.6,1
PAP20200708-03,08.07.2020,Edge,3,Bairdiella chrysoura,49,1.4,1
PAP20200708-03,08.07.2020,Edge,3,Bairdiella chrysoura,59,2.2,1
PAP20200708-03,08.07.2020,Edge,3,Bairdiella chrysoura,47,1.3,1
PAP20200708-03,08.07.2020,Edge,3,Bairdiella chrysoura,48,1.3,1
PAP20200708-04,08.07.2020,Off,3,Bairdiella chrysoura,45,1.2,1
PAP20200708-04,08.07.2020,Off,3,Bairdiella chrysoura,39,0.6,1
PAP20200708-04,08.07.2020,Off,3,Bairdiella chrysoura,43,0.9,1
PAP20200708-04,08.07.2020,Off,3,Bairdiella chrysoura,39,0.7,1
PAP20200708-04,08.07.2020,Off,3,Bairdiella chrysoura,45,1,1
PAP20200708-04,08.07.2020,Off,3,Bairdiella chrysoura,42,0.9,1
PAP20200708-04,08.07.2020,Off,3,Bairdiella chrysoura,40,0.9,1
PAP20200708-04,08.07.2020,Off,3,Bairdiella chrysoura,36,0.6,1
PAP20200708-04,08.07.2020,Off,3,Bairdiella chrysoura,40,0.7,1
PAP20200708-04,08.07.2020,Off,3,Bairdiella chrysoura,50,1.5,1
PAP20200708-04,08.07.2020,Off,3,Bairdiella chrysoura,60,2.2,1
PAP20200708-04,08.07.2020,Off,3,Bairdiella chrysoura,44,1,1
PAP20200708-04,08.07.2020,Off,3,Bairdiella chrysoura,45,1.2,1
PAP20200708-04,08.07.2020,Off,3,Bairdiella chrysoura,43,0.8,1
PAP20200708-04,08.07.2020,Off,3,Bairdiella chrysoura,43,0.9,1
PAP20200708-04,08.07.2020,Off,3,Bairdiella chrysoura,41,0.8,1
PAP20200708-04,08.07.2020,Off,3,Bairdiella chrysoura,42,0.9,1
PAP20200708-04,08.07.2020,Off,3,Bairdiella chrysoura,45,1.1,1
PAP20200708-05,08.07.2020,Edge,4,Bairdiella chrysoura,39,0.7,1
PAP20200708-05,08.07.2020,Edge,4,Bairdiella chrysoura,57,2.1,1
PAP20200708-05,08.07.2020,Edge,4,Bairdiella chrysoura,61,2.6,1
PAP20200708-05,08.07.2020,Edge,4,Bairdiella chrysoura,47,1.3,1
PAP20200708-05,08.07.2020,Edge,4,Bairdiella chrysoura,59,2.3,1
PAP20200708-05,08.07.2020,Edge,4,Bairdiella chrysoura,44,1.1,1
PAP20200708-05,08.07.2020,Edge,4,Bairdiella chrysoura,41,0.8,1
PAP20200708-05,08.07.2020,Edge,4,Bairdiella chrysoura,46,1.1,1
PAP20200708-05,08.07.2020,Edge,4,Bairdiella chrysoura,79,5.5,1
PAP20200708-05,08.07.2020,Edge,4,Bairdiella chrysoura,55,1.9,1
PAP20200708-05,08.07.2020,Edge,4,Bairdiella chrysoura,49,1.4,1
PAP20200708-05,08.07.2020,Edge,4,Bairdiella chrysoura,36,0.6,1
PAP20200708-05,08.07.2020,Edge,4,Bairdiella chrysoura,48,1.3,1
PAP20200708-05,08.07.2020,Edge,4,Bairdiella chrysoura,64,2.8,1
PAP20200708-05,08.07.2020,Edge,4,Bairdiella chrysoura,30,0.4,1
PAP20200708-05,08.07.2020,Edge,4,Bairdiella chrysoura,59,2.4,1
PAP20200708-05,08.07.2020,Edge,4,Bairdiella chrysoura,54,1.9,1
PAP20200708-05,08.07.2020,Edge,4,Bairdiella chrysoura,44,1,1
PAP20200708-05,08.07.2020,Edge,4,Bairdiella chrysoura,49,1.3,1
PAP20200708-05,08.07.2020,Edge,4,Bairdiella chrysoura,64,2.9,1
PAP20200708-05,08.07.2020,Edge,4,Bairdiella chrysoura,,,22
PAP20200708-06,08.07.2020,Off,4,Bairdiella chrysoura,48,1.3,1
PAP20200708-06,08.07.2020,Off,4,Bairdiella chrysoura,156,40,1
PAP20200708-06,08.07.2020,Off,4,Bairdiella chrysoura,44,1,1
PAP20200708-06,08.07.2020,Off,4,Bairdiella chrysoura,44,0.9,1
PAP20200708-06,08.07.2020,Off,4,Bairdiella chrysoura,40,0.9,1
PAP20200708-06,08.07.2020,Off,4,Bairdiella chrysoura,36,0.7,1
PAP20200708-06,08.07.2020,Off,4,Bairdiella chrysoura,40,0.8,1
PAP20200708-06,08.07.2020,Off,4,Bairdiella chrysoura,36,0.6,1
PAP20200708-06,08.07.2020,Off,4,Bairdiella chrysoura,39,0.7,1
PAP20200708-06,08.07.2020,Off,4,Bairdiella chrysoura,47,1.1,1
PAP20200708-06,08.07.2020,Off,4,Bairdiella chrysoura,47,1.2,1
PAP20200708-06,08.07.2020,Off,4,Bairdiella chrysoura,48,1.3,1
PAP20200708-07,08.07.2020,Edge,5,Bairdiella chrysoura,43,0.9,1
PAP20200708-08,08.07.2020,Off,5,Bairdiella chrysoura,38,0.6,1
PAP20200714-03,14.07.2020,Edge,2,Bairdiella chrysoura,56,2.1,1
PAP20200714-03,14.07.2020,Edge,2,Bairdiella chrysoura,56,2.1,1
PAP20200714-03,14.07.2020,Edge,2,Bairdiella chrysoura,42,1,1
PAP20200714-03,14.07.2020,Edge,2,Bairdiella chrysoura,42,0.9,1
PAP20200714-03,14.07.2020,Edge,2,Bairdiella chrysoura,64,3,1
PAP20200714-03,14.07.2020,Edge,2,Bairdiella chrysoura,53,1.7,1
PAP20200714-03,14.07.2020,Edge,2,Bairdiella chrysoura,55,1.9,1
PAP20200714-03,14.07.2020,Edge,2,Bairdiella chrysoura,39,0.7,1
PAP20200714-03,14.07.2020,Edge,2,Bairdiella chrysoura,40,0.7,1
PAP20200714-03,14.07.2020,Edge,2,Bairdiella chrysoura,42,0.8,1
PAP20200714-03,14.07.2020,Edge,2,Bairdiella chrysoura,55,2,1
PAP20200714-03,14.07.2020,Edge,2,Bairdiella chrysoura,56,1.5,1
PAP20200714-03,14.07.2020,Edge,2,Bairdiella chrysoura,45,1,1
PAP20200714-03,14.07.2020,Edge,2,Bairdiella chrysoura,39,0.7,1
PAP20200714-03,14.07.2020,Edge,2,Bairdiella chrysoura,40,0.8,1
PAP20200714-03,14.07.2020,Edge,2,Bairdiella chrysoura,40,0.6,1
PAP20200714-03,14.07.2020,Edge,2,Bairdiella chrysoura,42,0.9,1
PAP20200714-03,14.07.2020,Edge,2,Bairdiella chrysoura,39,0.8,1
PAP20200714-03,14.07.2020,Edge,2,Bairdiella chrysoura,41,1,1
PAP20200714-03,14.07.2020,Edge,2,Bairdiella chrysoura,35,0.5,1
PAP20200714-03,14.07.2020,Edge,2,Bairdiella chrysoura,,,4
PAP20200714-05,14.07.2020,Edge,3,Bairdiella chrysoura,65,3.4,1
PAP20200714-05,14.07.2020,Edge,3,Bairdiella chrysoura,74,4.5,1
PAP20200714-05,14.07.2020,Edge,3,Bairdiella chrysoura,37,0.6,1
PAP20200714-06,14.07.2020,Off,3,Bairdiella chrysoura,73,4.8,1
PAP20200714-06,14.07.2020,Off,3,Bairdiella chrysoura,71,3.9,1
PAP20200714-06,14.07.2020,Off,3,Bairdiella chrysoura,58,2.5,1
PAP20200714-06,14.07.2020,Off,3,Bairdiella chrysoura,50,1.6,1
PAP20200714-06,14.07.2020,Off,3,Bairdiella chrysoura,47,1.3,1
PAP20200714-06,14.07.2020,Off,3,Bairdiella chrysoura,42,0.9,1
PAP20200714-06,14.07.2020,Off,3,Bairdiella chrysoura,44,1,1
PAP20200714-06,14.07.2020,Off,3,Bairdiella chrysoura,45,1,1
PAP20200714-06,14.07.2020,Off,3,Bairdiella chrysoura,40,0.6,1
PAP20200714-06,14.07.2020,Off,3,Bairdiella chrysoura,40,0.7,1
PAP20200714-06,14.07.2020,Off,3,Bairdiella chrysoura,40,0.7,1
PAP20200714-06,14.07.2020,Off,3,Bairdiella chrysoura,37,0.6,1
PAP20200714-06,14.07.2020,Off,3,Bairdiella chrysoura,42,0.8,1
PAP20200714-06,14.07.2020,Off,3,Bairdiella chrysoura,45,1,1
PAP20200714-06,14.07.2020,Off,3,Bairdiella chrysoura,43,0.9,1
PAP20200714-06,14.07.2020,Off,3,Bairdiella chrysoura,56,2.1,1
PAP20200714-06,14.07.2020,Off,3,Bairdiella chrysoura,57,2.3,1
PAP20200714-06,14.07.2020,Off,3,Bairdiella chrysoura,58,2.3,1
PAP20200714-06,14.07.2020,Off,3,Bairdiella chrysoura,52,1.9,1
PAP20200714-06,14.07.2020,Off,3,Bairdiella chrysoura,40,1.4,1
PAP20200714-06,14.07.2020,Off,3,Bairdiella chrysoura,,,3
PAP20200714-07,14.07.2020,Edge,4,Bairdiella chrysoura,33,0.5,1
PAP20200714-08,14.07.2020,Off,4,Bairdiella chrysoura,86,6.9,1
PAP20200714-08,14.07.2020,Off,4,Bairdiella chrysoura,72,5.4,1
PAP20200714-08,14.07.2020,Off,4,Bairdiella chrysoura,53,1.8,1
PAP20200714-08,14.07.2020,Off,4,Bairdiella chrysoura,63,2.9,1
PAP20200714-08,14.07.2020,Off,4,Bairdiella chrysoura,40,0.8,1
PAP20200714-08,14.07.2020,Off,4,Bairdiella chrysoura,51,1.6,1
PAP20200714-08,14.07.2020,Off,4,Bairdiella chrysoura,38,0.7,1
PAP20200714-08,14.07.2020,Off,4,Bairdiella chrysoura,45,1.2,1
PAP20200714-08,14.07.2020,Off,4,Bairdiella chrysoura,56,2.2,1
PAP20200714-08,14.07.2020,Off,4,Bairdiella chrysoura,51,1.6,1
PAP20200714-08,14.07.2020,Off,4,Bairdiella chrysoura,52,1.6,1
PAP20200714-08,14.07.2020,Off,4,Bairdiella chrysoura,44,1,1
PAP20200714-08,14.07.2020,Off,4,Bairdiella chrysoura,73,4,1
PAP20200714-08,14.07.2020,Off,4,Bairdiella chrysoura,46,1.3,1
PAP20200714-08,14.07.2020,Off,4,Bairdiella chrysoura,41,0.7,1
PAP20200714-08,14.07.2020,Off,4,Bairdiella chrysoura,42,0.9,1
PAP20200714-08,14.07.2020,Off,4,Bairdiella chrysoura,38,0.7,1
PAP20200714-08,14.07.2020,Off,4,Bairdiella chrysoura,40,0.8,1
PAP20200714-08,14.07.2020,Off,4,Bairdiella chrysoura,38,0.6,1
PAP20200714-08,14.07.2020,Off,4,Bairdiella chrysoura,49,1.6,1
PAP20200714-08,14.07.2020,Off,4,Bairdiella chrysoura,,,26
PAP20200721-03,21.07.2020,Edge,2,Bairdiella chrysoura,49,1.5,1
PAP20200721-03,21.07.2020,Edge,2,Bairdiella chrysoura,44,0.9,1
PAP20200721-03,21.07.2020,Edge,2,Bairdiella chrysoura,47,1.3,1
PAP20200721-03,21.07.2020,Edge,2,Bairdiella chrysoura,44,1,1
PAP20200721-03,21.07.2020,Edge,2,Bairdiella chrysoura,43,1,1
PAP20200721-03,21.07.2020,Edge,2,Bairdiella chrysoura,45,1.2,1
PAP20200721-03,21.07.2020,Edge,2,Bairdiella chrysoura,45,1,1
PAP20200721-03,21.07.2020,Edge,2,Bairdiella chrysoura,44,1,1
PAP20200721-03,21.07.2020,Edge,2,Bairdiella chrysoura,43,1,1
PAP20200721-03,21.07.2020,Edge,2,Bairdiella chrysoura,43,1,1
PAP20200721-03,21.07.2020,Edge,2,Bairdiella chrysoura,39,0.8,1
PAP20200721-03,21.07.2020,Edge,2,Bairdiella chrysoura,45,1,1
PAP20200721-03,21.07.2020,Edge,2,Bairdiella chrysoura,43,0.8,1
PAP20200721-03,21.07.2020,Edge,2,Bairdiella chrysoura,41,0.9,1
PAP20200721-03,21.07.2020,Edge,2,Bairdiella chrysoura,40,0.8,1
PAP20200721-03,21.07.2020,Edge,2,Bairdiella chrysoura,42,0.9,1
PAP20200721-03,21.07.2020,Edge,2,Bairdiella chrysoura,41,0.8,1
PAP20200721-03,21.07.2020,Edge,2,Bairdiella chrysoura,43,0.9,1
PAP20200721-03,21.07.2020,Edge,2,Bairdiella chrysoura,43,0.9,1
PAP20200721-03,21.07.2020,Edge,2,Bairdiella chrysoura,40,0.8,1
PAP20200721-03,21.07.2020,Edge,2,Bairdiella chrysoura,,,1
PAP20200721-04,21.07.2020,Off,2,Bairdiella chrysoura,43,0.8,1
PAP20200721-04,21.07.2020,Off,2,Bairdiella chrysoura,40,0.7,1
PAP20200721-04,21.07.2020,Off,2,Bairdiella chrysoura,42,0.8,1
PAP20200721-06,21.07.2020,Off,3,Bairdiella chrysoura,47,1.1,1
PAP20200721-06,21.07.2020,Off,3,Bairdiella chrysoura,40,0.8,1
PAP20200721-06,21.07.2020,Off,3,Bairdiella chrysoura,39,0.6,1
PAP20200721-06,21.07.2020,Off,3,Bairdiella chrysoura,50,1.5,1
PAP20200721-06,21.07.2020,Off,3,Bairdiella chrysoura,49,1.5,1
PAP20200721-06,21.07.2020,Off,3,Bairdiella chrysoura,48,1.3,1
PAP20200721-06,21.07.2020,Off,3,Bairdiella chrysoura,48,1.4,1
PAP20200721-06,21.07.2020,Off,3,Bairdiella chrysoura,49,1.5,1
PAP20200721-06,21.07.2020,Off,3,Bairdiella chrysoura,47,1.4,1
PAP20200721-06,21.07.2020,Off,3,Bairdiella chrysoura,44,1,1
PAP20200721-06,21.07.2020,Off,3,Bairdiella chrysoura,47,1.2,1
PAP20200721-06,21.07.2020,Off,3,Bairdiella chrysoura,44,1,1
PAP20200721-06,21.07.2020,Off,3,Bairdiella chrysoura,39,0.7,1
PAP20200721-06,21.07.2020,Off,3,Bairdiella chrysoura,40,0.8,1
PAP20200721-06,21.07.2020,Off,3,Bairdiella chrysoura,45,1,1
PAP20200721-06,21.07.2020,Off,3,Bairdiella chrysoura,46,1.3,1
PAP20200721-06,21.07.2020,Off,3,Bairdiella chrysoura,42,0.8,1
PAP20200721-06,21.07.2020,Off,3,Bairdiella chrysoura,44,1,1
PAP20200721-06,21.07.2020,Off,3,Bairdiella chrysoura,45,1.1,1
PAP20200721-06,21.07.2020,Off,3,Bairdiella chrysoura,40,0.9,1
PAP20200721-06,21.07.2020,Off,3,Bairdiella chrysoura,,,8
PAP20200721-07,21.07.2020,Edge,4,Bairdiella chrysoura,95,10.7,1
PAP20200721-07,21.07.2020,Edge,4,Bairdiella chrysoura,89,8.2,1
PAP20200721-07,21.07.2020,Edge,4,Bairdiella chrysoura,45,10,1
PAP20200721-07,21.07.2020,Edge,4,Bairdiella chrysoura,92,9.4,1
PAP20200721-07,21.07.2020,Edge,4,Bairdiella chrysoura,55,2.1,1
PAP20200721-07,21.07.2020,Edge,4,Bairdiella chrysoura,42,0.8,1
PAP20200721-07,21.07.2020,Edge,4,Bairdiella chrysoura,45,1.2,1
PAP20200721-07,21.07.2020,Edge,4,Bairdiella chrysoura,40,0.8,1
PAP20200721-07,21.07.2020,Edge,4,Bairdiella chrysoura,43,0.8,1
PAP20200721-07,21.07.2020,Edge,4,Bairdiella chrysoura,35,0.5,1
PAP20200721-07,21.07.2020,Edge,4,Bairdiella chrysoura,39,0.7,1
PAP20200721-07,21.07.2020,Edge,4,Bairdiella chrysoura,48,1.2,1
PAP20200721-07,21.07.2020,Edge,4,Bairdiella chrysoura,43,0.8,1
PAP20200721-07,21.07.2020,Edge,4,Bairdiella chrysoura,40,0.7,1
PAP20200721-07,21.07.2020,Edge,4,Bairdiella chrysoura,38,0.7,1
PAP20200721-07,21.07.2020,Edge,4,Bairdiella chrysoura,35,0.5,1
PAP20200721-08,21.07.2020,Off,4,Bairdiella chrysoura,41,0.8,1
PAP20200721-08,21.07.2020,Off,4,Bairdiella chrysoura,60,2.7,1
PAP20200721-08,21.07.2020,Off,4,Bairdiella chrysoura,50,1.5,1
PAP20200721-08,21.07.2020,Off,4,Bairdiella chrysoura,50,1.4,1
PAP20200721-08,21.07.2020,Off,4,Bairdiella chrysoura,49,1.5,1
PAP20200721-08,21.07.2020,Off,4,Bairdiella chrysoura,63,3.1,1
PAP20200721-08,21.07.2020,Off,4,Bairdiella chrysoura,57,2,1
PAP20200721-08,21.07.2020,Off,4,Bairdiella chrysoura,52,1.7,1
PAP20200721-08,21.07.2020,Off,4,Bairdiella chrysoura,55,1.9,1
PAP20200721-08,21.07.2020,Off,4,Bairdiella chrysoura,65,3.5,1
PAP20200721-08,21.07.2020,Off,4,Bairdiella chrysoura,64,3.3,1
PAP20200721-08,21.07.2020,Off,4,Bairdiella chrysoura,51,1.7,1
PAP20200721-08,21.07.2020,Off,4,Bairdiella chrysoura,60,2.4,1
PAP20200721-08,21.07.2020,Off,4,Bairdiella chrysoura,53,1.8,1
PAP20200721-08,21.07.2020,Off,4,Bairdiella chrysoura,54,1.7,1
PAP20200721-08,21.07.2020,Off,4,Bairdiella chrysoura,54,1.7,1
PAP20200721-08,21.07.2020,Off,4,Bairdiella chrysoura,65,3.4,1
PAP20200721-08,21.07.2020,Off,4,Bairdiella chrysoura,52,1.2,1
PAP20200721-08,21.07.2020,Off,4,Bairdiella chrysoura,50,1.4,1
PAP20200721-08,21.07.2020,Off,4,Bairdiella chrysoura,50,0.8,1
PAP20200721-08,21.07.2020,Off,4,Bairdiella chrysoura,,,28
PAP20200731-04,31.07.2020,Off,2,Bairdiella chrysoura,42,0.9,1
PAP20200731-05,31.07.2020,Edge,3,Bairdiella chrysoura,52,1.5,1
PAP20200731-05,31.07.2020,Edge,3,Bairdiella chrysoura,44,1.3,1
PAP20200731-05,31.07.2020,Edge,3,Bairdiella chrysoura,39,0.9,1
PAP20200731-05,31.07.2020,Edge,3,Bairdiella chrysoura,41,0.9,1
PAP20200731-05,31.07.2020,Edge,3,Bairdiella chrysoura,37,0.6,1
PAP20200731-06,31.07.2020,Off,3,Bairdiella chrysoura,175,,1
PAP20200731-06,31.07.2020,Off,3,Bairdiella chrysoura,50,1.4,1
PAP20200731-06,31.07.2020,Off,3,Bairdiella chrysoura,44,1.1,1
PAP20200731-06,31.07.2020,Off,3,Bairdiella chrysoura,34,0.4,1
PAP20200731-08,31.07.2020,Off,4,Bairdiella chrysoura,45,1,1
PAP20200731-08,31.07.2020,Off,4,Bairdiella chrysoura,48,1.2,1
PAP20200731-08,31.07.2020,Off,4,Bairdiella chrysoura,41,0.8,1
PAP20200731-08,31.07.2020,Off,4,Bairdiella chrysoura,55,1.9,1
PAP20200731-08,31.07.2020,Off,4,Bairdiella chrysoura,52,1.5,1
PAP20200731-08,31.07.2020,Off,4,Bairdiella chrysoura,52,1.5,1
PAP20200731-08,31.07.2020,Off,4,Bairdiella chrysoura,49,1.3,1
PAP20200731-08,31.07.2020,Off,4,Bairdiella chrysoura,53,1.7,1
PAP20200731-08,31.07.2020,Off,4,Bairdiella chrysoura,48,1.4,1
PAP20200731-08,31.07.2020,Off,4,Bairdiella chrysoura,45,1,1
PAP20200731-08,31.07.2020,Off,4,Bairdiella chrysoura,56,1.8,1
PAP20200731-08,31.07.2020,Off,4,Bairdiella chrysoura,52,1.5,1
PAP20200731-08,31.07.2020,Off,4,Bairdiella chrysoura,49,1.4,1
PAP20200731-08,31.07.2020,Off,4,Bairdiella chrysoura,49,1.3,1
PAP20200731-08,31.07.2020,Off,4,Bairdiella chrysoura,57,2.1,1
PAP20200731-08,31.07.2020,Off,4,Bairdiella chrysoura,48,1.3,1
PAP20200731-08,31.07.2020,Off,4,Bairdiella chrysoura,47,1.1,1
PAP20200731-08,31.07.2020,Off,4,Bairdiella chrysoura,49,1.3,1
PAP20200731-08,31.07.2020,Off,4,Bairdiella chrysoura,45,1,1
PAP20200731-08,31.07.2020,Off,4,Bairdiella chrysoura,48,1.4,1
PAP20200731-08,31.07.2020,Off,4,Bairdiella chrysoura,,,12
PAP20200806-03,06.08.2020,Edge,2,Bairdiella chrysoura,60,2.6,1
PAP20200806-03,06.08.2020,Edge,2,Bairdiella chrysoura,63,2.3,1
PAP20200806-03,06.08.2020,Edge,2,Bairdiella chrysoura,52,1.4,1
PAP20200806-03,06.08.2020,Edge,2,Bairdiella chrysoura,47,1.2,1
PAP20200806-03,06.08.2020,Edge,2,Bairdiella chrysoura,49,1.3,1
PAP20200806-03,06.08.2020,Edge,2,Bairdiella chrysoura,57,1.9,1
PAP20200806-03,06.08.2020,Edge,2,Bairdiella chrysoura,58,1.9,1
PAP20200806-03,06.08.2020,Edge,2,Bairdiella chrysoura,39,0.8,1
PAP20200806-03,06.08.2020,Edge,2,Bairdiella chrysoura,46,1.1,1
PAP20200806-03,06.08.2020,Edge,2,Bairdiella chrysoura,53,1.7,1
PAP20200806-03,06.08.2020,Edge,2,Bairdiella chrysoura,49,1.3,1
PAP20200806-03,06.08.2020,Edge,2,Bairdiella chrysoura,50,1.5,1
PAP20200806-03,06.08.2020,Edge,2,Bairdiella chrysoura,52,1.4,1
PAP20200806-03,06.08.2020,Edge,2,Bairdiella chrysoura,42,0.9,1
PAP20200806-03,06.08.2020,Edge,2,Bairdiella chrysoura,37,0.7,1
PAP20200806-03,06.08.2020,Edge,2,Bairdiella chrysoura,46,1.2,1
PAP20200806-03,06.08.2020,Edge,2,Bairdiella chrysoura,34,0.5,1
PAP20200806-03,06.08.2020,Edge,2,Bairdiella chrysoura,43,0.9,1
PAP20200806-03,06.08.2020,Edge,2,Bairdiella chrysoura,39,0.6,1
PAP20200806-03,06.08.2020,Edge,2,Bairdiella chrysoura,40,0.7,1
PAP20200806-03,06.08.2020,Edge,2,Bairdiella chrysoura,,,8
PAP20200806-05,06.08.2020,Edge,3,Bairdiella chrysoura,64,2.8,1
PAP20200806-05,06.08.2020,Edge,3,Bairdiella chrysoura,65,2.9,1
PAP20200806-05,06.08.2020,Edge,3,Bairdiella chrysoura,68,3.6,1
PAP20200806-05,06.08.2020,Edge,3,Bairdiella chrysoura,58,2.3,1
PAP20200806-05,06.08.2020,Edge,3,Bairdiella chrysoura,56,2.1,1
PAP20200806-05,06.08.2020,Edge,3,Bairdiella chrysoura,65,2.9,1
PAP20200806-05,06.08.2020,Edge,3,Bairdiella chrysoura,50,1.3,1
PAP20200806-05,06.08.2020,Edge,3,Bairdiella chrysoura,56,1.9,1
PAP20200806-05,06.08.2020,Edge,3,Bairdiella chrysoura,57,2,1
PAP20200806-05,06.08.2020,Edge,3,Bairdiella chrysoura,53,1.7,1
PAP20200806-05,06.08.2020,Edge,3,Bairdiella chrysoura,49,1.3,1
PAP20200806-05,06.08.2020,Edge,3,Bairdiella chrysoura,45,0.9,1
PAP20200806-07,06.08.2020,Edge,4,Bairdiella chrysoura,55,2,1
PAP20200806-07,06.08.2020,Edge,4,Bairdiella chrysoura,50,1.1,1
PAP20200806-08,06.08.2020,Off,4,Bairdiella chrysoura,62,2.7,1
PAP20200806-08,06.08.2020,Off,4,Bairdiella chrysoura,47,1.2,1
PAP20200806-08,06.08.2020,Off,4,Bairdiella chrysoura,53,1.8,1
PAP20200806-08,06.08.2020,Off,4,Bairdiella chrysoura,62,2.6,1
PAP20200806-08,06.08.2020,Off,4,Bairdiella chrysoura,47,1.1,1
PAP20200806-08,06.08.2020,Off,4,Bairdiella chrysoura,46,1.1,1
PAP20200806-08,06.08.2020,Off,4,Bairdiella chrysoura,40,0.7,1
PAP20200806-08,06.08.2020,Off,4,Bairdiella chrysoura,38,0.6,1
PAP20200806-10,06.08.2020,Off,5,Bairdiella chrysoura,47,1.1,1
PAP20200806-10,06.08.2020,Off,5,Bairdiella chrysoura,40,0.9,1
PAP20200806-10,06.08.2020,Off,5,Bairdiella chrysoura,40,0.8,1
PAP20200814-01,14.08.2020,Edge,1,Bairdiella chrysoura,110,15.7,1
PAP20200814-02,14.08.2020,Off,1,Bairdiella chrysoura,62,2.9,1
PAP20200814-03,14.08.2020,Edge,2,Bairdiella chrysoura,59,2.3,1
PAP20200814-03,14.08.2020,Edge,2,Bairdiella chrysoura,58,2.2,1
PAP20200814-03,14.08.2020,Edge,2,Bairdiella chrysoura,54,1.6,1
PAP20200814-03,14.08.2020,Edge,2,Bairdiella chrysoura,57,1.9,1
PAP20200814-03,14.08.2020,Edge,2,Bairdiella chrysoura,41,0.7,1
PAP20200814-03,14.08.2020,Edge,2,Bairdiella chrysoura,41,0.7,1
PAP20200814-03,14.08.2020,Edge,2,Bairdiella chrysoura,43,0.8,1
PAP20200814-03,14.08.2020,Edge,2,Bairdiella chrysoura,42,0.8,1
PAP20200814-03,14.08.2020,Edge,2,Bairdiella chrysoura,41,0.7,1
PAP20200814-03,14.08.2020,Edge,2,Bairdiella chrysoura,38,0.7,1
PAP20200814-04,14.08.2020,Off,2,Bairdiella chrysoura,67,3.1,1
PAP20200814-04,14.08.2020,Off,2,Bairdiella chrysoura,57,1.5,1
PAP20200814-04,14.08.2020,Off,2,Bairdiella chrysoura,55,1.5,1
PAP20200814-04,14.08.2020,Off,2,Bairdiella chrysoura,70,2.8,1
PAP20200814-04,14.08.2020,Off,2,Bairdiella chrysoura,50,0.9,1
PAP20200814-04,14.08.2020,Off,2,Bairdiella chrysoura,37,0.7,1
PAP20200814-04,14.08.2020,Off,2,Bairdiella chrysoura,45,0.6,1
PAP20200814-04,14.08.2020,Off,2,Bairdiella chrysoura,49,0.9,1
PAP20200814-04,14.08.2020,Off,2,Bairdiella chrysoura,42,0.5,1
PAP20200814-04,14.08.2020,Off,2,Bairdiella chrysoura,,,1
PAP20200814-05,14.08.2020,Edge,3,Bairdiella chrysoura,74,4.3,1
PAP20200814-06,14.08.2020,Off,3,Bairdiella chrysoura,47,1.3,1
PAP20200814-06,14.08.2020,Off,3,Bairdiella chrysoura,63,3,1
PAP20200814-06,14.08.2020,Off,3,Bairdiella chrysoura,49,1.3,1
PAP20200814-06,14.08.2020,Off,3,Bairdiella chrysoura,37,0.6,1
PAP20200814-06,14.08.2020,Off,3,Bairdiella chrysoura,48,1.1,1
PAP20200814-06,14.08.2020,Off,3,Bairdiella chrysoura,58,2.3,1
PAP20200814-06,14.08.2020,Off,3,Bairdiella chrysoura,38,0.6,1
PAP20200814-06,14.08.2020,Off,3,Bairdiella chrysoura,45,1,1
PAP20200814-06,14.08.2020,Off,3,Bairdiella chrysoura,38,0.7,1
PAP20200814-06,14.08.2020,Off,3,Bairdiella chrysoura,40,0.7,1
PAP20200814-06,14.08.2020,Off,3,Bairdiella chrysoura,40,0.8,1
PAP20200814-06,14.08.2020,Off,3,Bairdiella chrysoura,60,2.6,1
PAP20200814-06,14.08.2020,Off,3,Bairdiella chrysoura,44,1.1,1
PAP20200814-06,14.08.2020,Off,3,Bairdiella chrysoura,38,0.8,1
PAP20200814-06,14.08.2020,Off,3,Bairdiella chrysoura,54,2.1,1
PAP20200814-06,14.08.2020,Off,3,Bairdiella chrysoura,40,0.8,1
PAP20200814-06,14.08.2020,Off,3,Bairdiella chrysoura,40,0.8,1
PAP20200814-08,14.08.2020,Off,4,Bairdiella chrysoura,36,0.6,1
PAP20200814-08,14.08.2020,Off,4,Bairdiella chrysoura,48,1.3,1
PAP20200814-08,14.08.2020,Off,4,Bairdiella chrysoura,46,1.2,1
PAP20200814-08,14.08.2020,Off,4,Bairdiella chrysoura,47,1.1,1
PAP20200814-08,14.08.2020,Off,4,Bairdiella chrysoura,60,2.4,1
PAP20200814-08,14.08.2020,Off,4,Bairdiella chrysoura,42,0.8,1
PAP20200814-08,14.08.2020,Off,4,Bairdiella chrysoura,38,0.6,1
PAP20200814-08,14.08.2020,Off,4,Bairdiella chrysoura,43,0.9,1
PAP20200814-08,14.08.2020,Off,4,Bairdiella chrysoura,41,0.8,1
PAP20200814-08,14.08.2020,Off,4,Bairdiella chrysoura,39,0.6,1
PAP20200814-08,14.08.2020,Off,4,Bairdiella chrysoura,41,0.8,1
PAP20200814-08,14.08.2020,Off,4,Bairdiella chrysoura,42,0.8,1
PAP20200814-08,14.08.2020,Off,4,Bairdiella chrysoura,41,0.8,1
PAP20200819-01,19.08.2020,Edge,1,Bairdiella chrysoura,44,0.8,1
PAP20200819-03,19.08.2020,Edge,2,Bairdiella chrysoura,47,1.1,1
PAP20200819-03,19.08.2020,Edge,2,Bairdiella chrysoura,47,1.2,1
PAP20200819-03,19.08.2020,Edge,2,Bairdiella chrysoura,46,1.5,1
PAP20200819-03,19.08.2020,Edge,2,Bairdiella chrysoura,45,1,1
PAP20200819-03,19.08.2020,Edge,2,Bairdiella chrysoura,49,1.3,1
PAP20200819-03,19.08.2020,Edge,2,Bairdiella chrysoura,40,0.7,1
PAP20200819-03,19.08.2020,Edge,2,Bairdiella chrysoura,39,0.7,1
PAP20200819-03,19.08.2020,Edge,2,Bairdiella chrysoura,48,1.3,1
PAP20200819-03,19.08.2020,Edge,2,Bairdiella chrysoura,41,0.7,1
PAP20200819-03,19.08.2020,Edge,2,Bairdiella chrysoura,46,1.1,1
PAP20200819-03,19.08.2020,Edge,2,Bairdiella chrysoura,38,0.6,1
PAP20200819-03,19.08.2020,Edge,2,Bairdiella chrysoura,48,1.2,1
PAP20200819-03,19.08.2020,Edge,2,Bairdiella chrysoura,42,0.9,1
PAP20200819-03,19.08.2020,Edge,2,Bairdiella chrysoura,49,0.8,1
PAP20200819-03,19.08.2020,Edge,2,Bairdiella chrysoura,40,0.8,1
PAP20200819-03,19.08.2020,Edge,2,Bairdiella chrysoura,38,0.6,1
PAP20200819-03,19.08.2020,Edge,2,Bairdiella chrysoura,38,0.7,1
PAP20200819-03,19.08.2020,Edge,2,Bairdiella chrysoura,42,0.8,1
PAP20200819-03,19.08.2020,Edge,2,Bairdiella chrysoura,40,0.7,1
PAP20200819-04,19.08.2020,Off,2,Bairdiella chrysoura,52,1.6,1
PAP20200819-04,19.08.2020,Off,2,Bairdiella chrysoura,37,0.6,1
PAP20200819-04,19.08.2020,Off,2,Bairdiella chrysoura,40,0.8,1
PAP20200819-04,19.08.2020,Off,2,Bairdiella chrysoura,47,1.4,1
PAP20200819-04,19.08.2020,Off,2,Bairdiella chrysoura,37,0.6,1
PAP20200819-04,19.08.2020,Off,2,Bairdiella chrysoura,38,0.7,1
PAP20200819-04,19.08.2020,Off,2,Bairdiella chrysoura,37,0.7,1
PAP20200819-04,19.08.2020,Off,2,Bairdiella chrysoura,45,1,1
PAP20200819-04,19.08.2020,Off,2,Bairdiella chrysoura,48,1.3,1
PAP20200819-04,19.08.2020,Off,2,Bairdiella chrysoura,43,0.9,1
PAP20200819-04,19.08.2020,Off,2,Bairdiella chrysoura,49,1.2,1
PAP20200819-04,19.08.2020,Off,2,Bairdiella chrysoura,38,0.8,1
PAP20200819-04,19.08.2020,Off,2,Bairdiella chrysoura,41,0.8,1
PAP20200819-04,19.08.2020,Off,2,Bairdiella chrysoura,42,1.2,1
PAP20200819-04,19.08.2020,Off,2,Bairdiella chrysoura,40,0.8,1
PAP20200819-04,19.08.2020,Off,2,Bairdiella chrysoura,49,1.2,1
PAP20200819-04,19.08.2020,Off,2,Bairdiella chrysoura,36,0.6,1
PAP20200819-04,19.08.2020,Off,2,Bairdiella chrysoura,40,0.7,1
PAP20200819-04,19.08.2020,Off,2,Bairdiella chrysoura,39,0.7,1
PAP20200819-04,19.08.2020,Off,2,Bairdiella chrysoura,36,0.5,1
PAP20200819-04,19.08.2020,Off,2,Bairdiella chrysoura,,,27
PAP20200819-05,19.08.2020,Edge,3,Bairdiella chrysoura,45,0.9,1
PAP20200819-05,19.08.2020,Edge,3,Bairdiella chrysoura,42,0.9,1
PAP20200819-05,19.08.2020,Edge,3,Bairdiella chrysoura,46,1.1,1
PAP20200819-05,19.08.2020,Edge,3,Bairdiella chrysoura,49,1.2,1
PAP20200819-05,19.08.2020,Edge,3,Bairdiella chrysoura,52,1.6,1
PAP20200819-05,19.08.2020,Edge,3,Bairdiella chrysoura,42,0.8,1
PAP20200819-05,19.08.2020,Edge,3,Bairdiella chrysoura,40,0.7,1
PAP20200819-05,19.08.2020,Edge,3,Bairdiella chrysoura,39,0.7,1
PAP20200819-05,19.08.2020,Edge,3,Bairdiella chrysoura,41,0.7,1
PAP20200819-05,19.08.2020,Edge,3,Bairdiella chrysoura,36,0.6,1
PAP20200819-05,19.08.2020,Edge,3,Bairdiella chrysoura,37,0.6,1
PAP20200819-07,19.08.2020,Edge,4,Bairdiella chrysoura,67,3.2,1
PAP20200819-07,19.08.2020,Edge,4,Bairdiella chrysoura,54,1.7,1
PAP20200819-07,19.08.2020,Edge,4,Bairdiella chrysoura,50,1.3,1
PAP20200819-07,19.08.2020,Edge,4,Bairdiella chrysoura,54,1.7,1
PAP20200819-07,19.08.2020,Edge,4,Bairdiella chrysoura,37,0.5,1
PAP20200819-08,19.08.2020,Off,4,Bairdiella chrysoura,119,18.7,1
PAP20200819-08,19.08.2020,Off,4,Bairdiella chrysoura,42,0.8,1
PAP20200819-08,19.08.2020,Off,4,Bairdiella chrysoura,42,0.8,1
PAP20200819-08,19.08.2020,Off,4,Bairdiella chrysoura,35,0.5,1
PAP20200819-08,19.08.2020,Off,4,Bairdiella chrysoura,61,2.5,1
PAP20200819-08,19.08.2020,Off,4,Bairdiella chrysoura,61,2.7,1
PAP20200819-08,19.08.2020,Off,4,Bairdiella chrysoura,43,0.9,1
PAP20200819-08,19.08.2020,Off,4,Bairdiella chrysoura,44,0.9,1
PAP20200819-08,19.08.2020,Off,4,Bairdiella chrysoura,55,1.8,1
PAP20200819-08,19.08.2020,Off,4,Bairdiella chrysoura,55,1.7,1
PAP20200819-08,19.08.2020,Off,4,Bairdiella chrysoura,55,1.8,1
PAP20200819-08,19.08.2020,Off,4,Bairdiella chrysoura,48,1.2,1
PAP20200819-08,19.08.2020,Off,4,Bairdiella chrysoura,46,1,1
PAP20200819-08,19.08.2020,Off,4,Bairdiella chrysoura,44,1,1
PAP20200819-08,19.08.2020,Off,4,Bairdiella chrysoura,45,1,1
PAP20200819-08,19.08.2020,Off,4,Bairdiella chrysoura,36,0.6,1
PAP20200819-08,19.08.2020,Off,4,Bairdiella chrysoura,41,0.7,1
PAP20200819-08,19.08.2020,Off,4,Bairdiella chrysoura,38,0.6,1
PAP20200819-08,19.08.2020,Off,4,Bairdiella chrysoura,37,0.6,1
PAP20200819-08,19.08.2020,Off,4,Bairdiella chrysoura,37,0.6,1
PAP20200819-08,19.08.2020,Off,4,Bairdiella chrysoura,,,5
PAP20200819-09,19.08.2020,Edge,5,Bairdiella chrysoura,50,1.4,1
PAP20200819-09,19.08.2020,Edge,5,Bairdiella chrysoura,41,0.8,1
PAP20200819-10,19.08.2020,Off,5,Bairdiella chrysoura,37,0.6,1
PAP20200819-10,19.08.2020,Off,5,Bairdiella chrysoura,37,0.6,1
PAP20200819-10,19.08.2020,Off,5,Bairdiella chrysoura,41,0.8,1
PAP20200828-03,28.08.2020,Edge,2,Bairdiella chrysoura,53,1.6,1
PAP20200828-03,28.08.2020,Edge,2,Bairdiella chrysoura,67,3.2,1
PAP20200828-03,28.08.2020,Edge,2,Bairdiella chrysoura,39,1.4,1
PAP20200828-03,28.08.2020,Edge,2,Bairdiella chrysoura,34,1.1,1
PAP20200828-03,28.08.2020,Edge,2,Bairdiella chrysoura,54,1.7,1
PAP20200828-03,28.08.2020,Edge,2,Bairdiella chrysoura,53,1.6,1
PAP20200828-03,28.08.2020,Edge,2,Bairdiella chrysoura,44,1,1
PAP20200828-03,28.08.2020,Edge,2,Bairdiella chrysoura,47,1.1,1
PAP20200828-03,28.08.2020,Edge,2,Bairdiella chrysoura,43,0.7,1
PAP20200828-03,28.08.2020,Edge,2,Bairdiella chrysoura,34,0.5,1
PAP20200828-03,28.08.2020,Edge,2,Bairdiella chrysoura,38,0.7,1
PAP20200828-04,28.08.2020,Off,2,Bairdiella chrysoura,46,1.1,1
PAP20200828-04,28.08.2020,Off,2,Bairdiella chrysoura,49,1.4,1
PAP20200828-04,28.08.2020,Off,2,Bairdiella chrysoura,47,1.2,1
PAP20200828-04,28.08.2020,Off,2,Bairdiella chrysoura,38,0.6,1
PAP20200828-05,28.08.2020,Edge,3,Bairdiella chrysoura,50,1.6,1
PAP20200828-05,28.08.2020,Edge,3,Bairdiella chrysoura,51,1.4,1
PAP20200828-05,28.08.2020,Edge,3,Bairdiella chrysoura,59,2.3,1
PAP20200828-05,28.08.2020,Edge,3,Bairdiella chrysoura,50,1.3,1
PAP20200828-05,28.08.2020,Edge,3,Bairdiella chrysoura,56,2,1
PAP20200828-05,28.08.2020,Edge,3,Bairdiella chrysoura,45,1.1,1
PAP20200828-05,28.08.2020,Edge,3,Bairdiella chrysoura,44,1,1
PAP20200828-05,28.08.2020,Edge,3,Bairdiella chrysoura,52,1.6,1
PAP20200828-05,28.08.2020,Edge,3,Bairdiella chrysoura,52,1.6,1
PAP20200828-05,28.08.2020,Edge,3,Bairdiella chrysoura,46,1.1,1
PAP20200828-05,28.08.2020,Edge,3,Bairdiella chrysoura,46,1.2,1
PAP20200828-05,28.08.2020,Edge,3,Bairdiella chrysoura,56,2.1,1
PAP20200828-05,28.08.2020,Edge,3,Bairdiella chrysoura,52,1.6,1
PAP20200828-05,28.08.2020,Edge,3,Bairdiella chrysoura,53,1.8,1
PAP20200828-05,28.08.2020,Edge,3,Bairdiella chrysoura,43,0.9,1
PAP20200828-05,28.08.2020,Edge,3,Bairdiella chrysoura,47,1.3,1
PAP20200828-05,28.08.2020,Edge,3,Bairdiella chrysoura,44,1,1
PAP20200828-05,28.08.2020,Edge,3,Bairdiella chrysoura,41,0.9,1
PAP20200828-05,28.08.2020,Edge,3,Bairdiella chrysoura,46,1.1,1
PAP20200828-05,28.08.2020,Edge,3,Bairdiella chrysoura,36,0.6,1
PAP20200828-05,28.08.2020,Edge,3,Bairdiella chrysoura,,,1
PAP20200828-07,28.08.2020,Edge,4,Bairdiella chrysoura,68,3.6,1
PAP20200828-07,28.08.2020,Edge,4,Bairdiella chrysoura,50,1.4,1
PAP20200828-07,28.08.2020,Edge,4,Bairdiella chrysoura,41,0.8,1
PAP20200828-08,28.08.2020,Off,4,Bairdiella chrysoura,72,3.9,1
PAP20200828-08,28.08.2020,Off,4,Bairdiella chrysoura,43,1.2,1
PAP20200828-08,28.08.2020,Off,4,Bairdiella chrysoura,59,2.4,1
PAP20200828-08,28.08.2020,Off,4,Bairdiella chrysoura,60,2.6,1
PAP20200828-08,28.08.2020,Off,4,Bairdiella chrysoura,45,1.1,1
PAP20200828-08,28.08.2020,Off,4,Bairdiella chrysoura,51,1.6,1
PAP20200828-08,28.08.2020,Off,4,Bairdiella chrysoura,49,1.3,1
PAP20200828-08,28.08.2020,Off,4,Bairdiella chrysoura,68,3.8,1
PAP20200828-08,28.08.2020,Off,4,Bairdiella chrysoura,55,1.8,1
PAP20200828-08,28.08.2020,Off,4,Bairdiella chrysoura,50,1.3,1
PAP20200828-08,28.08.2020,Off,4,Bairdiella chrysoura,44,0.9,1
PAP20200828-08,28.08.2020,Off,4,Bairdiella chrysoura,78,5.3,1
PAP20200828-08,28.08.2020,Off,4,Bairdiella chrysoura,56,2,1
PAP20200828-08,28.08.2020,Off,4,Bairdiella chrysoura,44,0.9,1
PAP20200828-08,28.08.2020,Off,4,Bairdiella chrysoura,43,0.9,1
PAP20200828-08,28.08.2020,Off,4,Bairdiella chrysoura,41,0.8,1
PAP20200828-08,28.08.2020,Off,4,Bairdiella chrysoura,43,0.7,1
PAP20200828-08,28.08.2020,Off,4,Bairdiella chrysoura,42,0.8,1
PAP20200828-08,28.08.2020,Off,4,Bairdiella chrysoura,47,1.3,1
PAP20200828-08,28.08.2020,Off,4,Bairdiella chrysoura,45,1.1,1
PAP20200828-08,28.08.2020,Off,4,Bairdiella chrysoura,,,5
PAP20200903-03,03.09.2020,Edge,2,Bairdiella chrysoura,83,6.2,1
PAP20200903-03,03.09.2020,Edge,2,Bairdiella chrysoura,81,6.3,1
PAP20200903-03,03.09.2020,Edge,2,Bairdiella chrysoura,50,1.5,1
PAP20200903-03,03.09.2020,Edge,2,Bairdiella chrysoura,61,2.4,1
PAP20200903-03,03.09.2020,Edge,2,Bairdiella chrysoura,61,2.8,1
PAP20200903-03,03.09.2020,Edge,2,Bairdiella chrysoura,61,2.5,1
PAP20200903-03,03.09.2020,Edge,2,Bairdiella chrysoura,67,3.1,1
PAP20200903-03,03.09.2020,Edge,2,Bairdiella chrysoura,57,2.3,1
PAP20200903-03,03.09.2020,Edge,2,Bairdiella chrysoura,60,2.4,1
PAP20200903-03,03.09.2020,Edge,2,Bairdiella chrysoura,58,2.3,1
PAP20200903-03,03.09.2020,Edge,2,Bairdiella chrysoura,60,2.6,1
PAP20200903-03,03.09.2020,Edge,2,Bairdiella chrysoura,58,2.3,1
PAP20200903-03,03.09.2020,Edge,2,Bairdiella chrysoura,54,1.8,1
PAP20200903-03,03.09.2020,Edge,2,Bairdiella chrysoura,53,1.9,1
PAP20200903-03,03.09.2020,Edge,2,Bairdiella chrysoura,58,2.4,1
PAP20200903-03,03.09.2020,Edge,2,Bairdiella chrysoura,52,1.6,1
PAP20200903-03,03.09.2020,Edge,2,Bairdiella chrysoura,52,1.7,1
PAP20200903-03,03.09.2020,Edge,2,Bairdiella chrysoura,52,1.6,1
PAP20200903-03,03.09.2020,Edge,2,Bairdiella chrysoura,52,1.7,1
PAP20200903-03,03.09.2020,Edge,2,Bairdiella chrysoura,40,0.7,1
PAP20200903-03,03.09.2020,Edge,2,Bairdiella chrysoura,,,4
PAP20200903-04,03.09.2020,Off,2,Bairdiella chrysoura,67,3.2,1
PAP20200903-04,03.09.2020,Off,2,Bairdiella chrysoura,34,1.9,1
PAP20200903-04,03.09.2020,Off,2,Bairdiella chrysoura,55,1.9,1
PAP20200903-04,03.09.2020,Off,2,Bairdiella chrysoura,54,1.7,1
PAP20200903-04,03.09.2020,Off,2,Bairdiella chrysoura,51,1.4,1
PAP20200903-04,03.09.2020,Off,2,Bairdiella chrysoura,48,1.3,1
PAP20200903-04,03.09.2020,Off,2,Bairdiella chrysoura,53,1.7,1
PAP20200903-04,03.09.2020,Off,2,Bairdiella chrysoura,53,1.7,1
PAP20200903-04,03.09.2020,Off,2,Bairdiella chrysoura,42,0.8,1
PAP20200903-04,03.09.2020,Off,2,Bairdiella chrysoura,40,0.7,1
PAP20200903-04,03.09.2020,Off,2,Bairdiella chrysoura,39,0.7,1
PAP20200903-04,03.09.2020,Off,2,Bairdiella chrysoura,37,0.6,1
PAP20200903-04,03.09.2020,Off,2,Bairdiella chrysoura,42,0.8,1
PAP20200903-04,03.09.2020,Off,2,Bairdiella chrysoura,39,0.7,1
PAP20200903-04,03.09.2020,Off,2,Bairdiella chrysoura,43,0.8,1
PAP20200903-04,03.09.2020,Off,2,Bairdiella chrysoura,38,0.6,1
PAP20200903-04,03.09.2020,Off,2,Bairdiella chrysoura,40,0.8,1
PAP20200903-04,03.09.2020,Off,2,Bairdiella chrysoura,37,0.6,1
PAP20200903-04,03.09.2020,Off,2,Bairdiella chrysoura,48,1.1,1
PAP20200903-04,03.09.2020,Off,2,Bairdiella chrysoura,47,0.8,1
PAP20200903-04,03.09.2020,Off,2,Bairdiella chrysoura,,,6
PAP20200903-05,03.09.2020,Edge,3,Bairdiella chrysoura,99,11.1,1
PAP20200903-05,03.09.2020,Edge,3,Bairdiella chrysoura,66,3.5,1
PAP20200903-05,03.09.2020,Edge,3,Bairdiella chrysoura,54,1.9,1
PAP20200903-05,03.09.2020,Edge,3,Bairdiella chrysoura,46,1.3,1
PAP20200903-05,03.09.2020,Edge,3,Bairdiella chrysoura,42,0.9,1
PAP20200903-05,03.09.2020,Edge,3,Bairdiella chrysoura,38,0.7,1
PAP20200903-07,03.09.2020,Edge,4,Bairdiella chrysoura,63,2.9,1
PAP20200903-07,03.09.2020,Edge,4,Bairdiella chrysoura,47,1.2,1
PAP20200903-07,03.09.2020,Edge,4,Bairdiella chrysoura,61,2.6,1
PAP20200903-07,03.09.2020,Edge,4,Bairdiella chrysoura,57,2.6,1
PAP20200903-07,03.09.2020,Edge,4,Bairdiella chrysoura,58,2.2,1
PAP20200903-07,03.09.2020,Edge,4,Bairdiella chrysoura,49,1.5,1
PAP20200903-07,03.09.2020,Edge,4,Bairdiella chrysoura,47,1.2,1
PAP20200903-07,03.09.2020,Edge,4,Bairdiella chrysoura,54,1.6,1
PAP20200903-07,03.09.2020,Edge,4,Bairdiella chrysoura,49,1.4,1
PAP20200903-08,03.09.2020,Off,4,Bairdiella chrysoura,61,2.6,1
PAP20200903-08,03.09.2020,Off,4,Bairdiella chrysoura,63,2.8,1
PAP20200903-08,03.09.2020,Off,4,Bairdiella chrysoura,48,1.3,1
PAP20200903-08,03.09.2020,Off,4,Bairdiella chrysoura,70,3.2,1
PAP20200903-08,03.09.2020,Off,4,Bairdiella chrysoura,66,3.4,1
PAP20200903-08,03.09.2020,Off,4,Bairdiella chrysoura,62,2.6,1
PAP20200903-08,03.09.2020,Off,4,Bairdiella chrysoura,45,1,1
PAP20200903-08,03.09.2020,Off,4,Bairdiella chrysoura,54,2,1
PAP20200903-08,03.09.2020,Off,4,Bairdiella chrysoura,56,1.9,1
PAP20200903-08,03.09.2020,Off,4,Bairdiella chrysoura,47,1.2,1
PAP20200903-08,03.09.2020,Off,4,Bairdiella chrysoura,51,1.3,1
PAP20200903-08,03.09.2020,Off,4,Bairdiella chrysoura,52,1.7,1
PAP20200903-08,03.09.2020,Off,4,Bairdiella chrysoura,60,2.5,1
PAP20200903-08,03.09.2020,Off,4,Bairdiella chrysoura,57,2.3,1
PAP20200903-08,03.09.2020,Off,4,Bairdiella chrysoura,38,0.6,1
PAP20200903-08,03.09.2020,Off,4,Bairdiella chrysoura,34,0.5,1
PAP20200903-08,03.09.2020,Off,4,Bairdiella chrysoura,54,1.7,1
PAP20200903-08,03.09.2020,Off,4,Bairdiella chrysoura,50,1.4,1
PAP20200903-08,03.09.2020,Off,4,Bairdiella chrysoura,50,1.4,1
PAP20200903-08,03.09.2020,Off,4,Bairdiella chrysoura,51,1.4,1
PAP20200903-08,03.09.2020,Off,4,Bairdiella chrysoura,,,36
PAP20200903-09,03.09.2020,Edge,5,Bairdiella chrysoura,52,1.7,1
PAP20200903-09,03.09.2020,Edge,5,Bairdiella chrysoura,61,2.5,1
PAP20200903-09,03.09.2020,Edge,5,Bairdiella chrysoura,55,1.8,1
PAP20200903-09,03.09.2020,Edge,5,Bairdiella chrysoura,52,1.6,1
PAP20200903-09,03.09.2020,Edge,5,Bairdiella chrysoura,55,2,1
PAP20200903-10,03.09.2020,Off,5,Bairdiella chrysoura,52,1.6,1
PAP20200903-10,03.09.2020,Off,5,Bairdiella chrysoura,38,0.6,1
PAP20200903-10,03.09.2020,Off,5,Bairdiella chrysoura,53,2.1,1
PAP20200903-10,03.09.2020,Off,5,Bairdiella chrysoura,53,1.7,1
PAP20200903-10,03.09.2020,Off,5,Bairdiella chrysoura,60,2.6,1
PAP20200903-10,03.09.2020,Off,5,Bairdiella chrysoura,47,1.4,1
PAP20200910-03,10.09.2020,Edge,2,Bairdiella chrysoura,66,3.2,1
PAP20200910-03,10.09.2020,Edge,2,Bairdiella chrysoura,45,1.1,1
PAP20200910-03,10.09.2020,Edge,2,Bairdiella chrysoura,57,2.3,1
PAP20200910-03,10.09.2020,Edge,2,Bairdiella chrysoura,63,2.8,1
PAP20200910-03,10.09.2020,Edge,2,Bairdiella chrysoura,64,3,1
PAP20200910-03,10.09.2020,Edge,2,Bairdiella chrysoura,79,5.8,1
PAP20200910-03,10.09.2020,Edge,2,Bairdiella chrysoura,40,0.8,1
PAP20200910-03,10.09.2020,Edge,2,Bairdiella chrysoura,68,4,1
PAP20200910-03,10.09.2020,Edge,2,Bairdiella chrysoura,56,2.1,1
PAP20200910-03,10.09.2020,Edge,2,Bairdiella chrysoura,54,1.7,1
PAP20200910-03,10.09.2020,Edge,2,Bairdiella chrysoura,47,1.2,1
PAP20200910-03,10.09.2020,Edge,2,Bairdiella chrysoura,64,3,1
PAP20200910-03,10.09.2020,Edge,2,Bairdiella chrysoura,42,0.8,1
PAP20200910-03,10.09.2020,Edge,2,Bairdiella chrysoura,56,2.1,1
PAP20200910-03,10.09.2020,Edge,2,Bairdiella chrysoura,73,4.2,1
PAP20200910-03,10.09.2020,Edge,2,Bairdiella chrysoura,75,5,1
PAP20200910-03,10.09.2020,Edge,2,Bairdiella chrysoura,48,1.1,1
PAP20200910-03,10.09.2020,Edge,2,Bairdiella chrysoura,65,3.3,1
PAP20200910-03,10.09.2020,Edge,2,Bairdiella chrysoura,67,3.8,1
PAP20200910-03,10.09.2020,Edge,2,Bairdiella chrysoura,70,4.4,1
PAP20200910-03,10.09.2020,Edge,2,Bairdiella chrysoura,,,36
PAP20200910-05,10.09.2020,Edge,3,Bairdiella chrysoura,58,2.2,1
PAP20200910-05,10.09.2020,Edge,3,Bairdiella chrysoura,60,2.6,1
PAP20200910-05,10.09.2020,Edge,3,Bairdiella chrysoura,61,2.6,1
PAP20200910-05,10.09.2020,Edge,3,Bairdiella chrysoura,77,5.1,1
PAP20200910-05,10.09.2020,Edge,3,Bairdiella chrysoura,63,2.8,1
PAP20200910-05,10.09.2020,Edge,3,Bairdiella chrysoura,58,2.2,1
PAP20200910-05,10.09.2020,Edge,3,Bairdiella chrysoura,60,2.5,1
PAP20200910-05,10.09.2020,Edge,3,Bairdiella chrysoura,70,4.3,1
PAP20200910-05,10.09.2020,Edge,3,Bairdiella chrysoura,62,2.8,1
PAP20200910-05,10.09.2020,Edge,3,Bairdiella chrysoura,65,2.9,1
PAP20200910-08,10.09.2020,Off,4,Bairdiella chrysoura,70,4,1
PAP20200910-08,10.09.2020,Off,4,Bairdiella chrysoura,59,2.4,1
PAP20200910-08,10.09.2020,Off,4,Bairdiella chrysoura,44,1.1,1
PAP20200910-08,10.09.2020,Off,4,Bairdiella chrysoura,52,1.4,1
PAP20200910-08,10.09.2020,Off,4,Bairdiella chrysoura,78,5.9,1
PAP20200910-08,10.09.2020,Off,4,Bairdiella chrysoura,57,2,1
PAP20200910-08,10.09.2020,Off,4,Bairdiella chrysoura,40,0.7,1
PAP20200910-08,10.09.2020,Off,4,Bairdiella chrysoura,42,0.8,1
PAP20200910-08,10.09.2020,Off,4,Bairdiella chrysoura,43,1,1
PAP20200910-08,10.09.2020,Off,4,Bairdiella chrysoura,57,2,1
PAP20200910-08,10.09.2020,Off,4,Bairdiella chrysoura,67,3.4,1
PAP20200910-08,10.09.2020,Off,4,Bairdiella chrysoura,43,0.9,1
PAP20200910-08,10.09.2020,Off,4,Bairdiella chrysoura,48,1.3,1
PAP20200910-08,10.09.2020,Off,4,Bairdiella chrysoura,50,1.4,1
PAP20200910-08,10.09.2020,Off,4,Bairdiella chrysoura,39,0.8,1
PAP20200910-10,10.09.2020,Off,5,Bairdiella chrysoura,53,1.7,1
PAP20200925-03,25.09.2020,Edge,2,Bairdiella chrysoura,69,3.4,1
PAP20200925-03,25.09.2020,Edge,2,Bairdiella chrysoura,64,3.2,1
PAP20200925-03,25.09.2020,Edge,2,Bairdiella chrysoura,47,1.1,1
PAP20200925-03,25.09.2020,Edge,2,Bairdiella chrysoura,54,1.8,1
PAP20200925-03,25.09.2020,Edge,2,Bairdiella chrysoura,71,3.9,1
PAP20200925-03,25.09.2020,Edge,2,Bairdiella chrysoura,70,3.8,1
PAP20200925-03,25.09.2020,Edge,2,Bairdiella chrysoura,70,4,1
PAP20200925-03,25.09.2020,Edge,2,Bairdiella chrysoura,75,4.1,1
PAP20200925-03,25.09.2020,Edge,2,Bairdiella chrysoura,67,3.3,1
PAP20200925-03,25.09.2020,Edge,2,Bairdiella chrysoura,55,1.9,1
PAP20200925-03,25.09.2020,Edge,2,Bairdiella chrysoura,45,1.1,1
PAP20200925-03,25.09.2020,Edge,2,Bairdiella chrysoura,57,2.1,1
PAP20200925-03,25.09.2020,Edge,2,Bairdiella chrysoura,40,0.7,1
PAP20200925-03,25.09.2020,Edge,2,Bairdiella chrysoura,58,2.1,1
PAP20200925-03,25.09.2020,Edge,2,Bairdiella chrysoura,45,1,1
PAP20200925-03,25.09.2020,Edge,2,Bairdiella chrysoura,47,1.1,1
PAP20200925-05,25.09.2020,Edge,3,Bairdiella chrysoura,81,5.6,1
PAP20200925-05,25.09.2020,Edge,3,Bairdiella chrysoura,75,4.5,1
PAP20200925-05,25.09.2020,Edge,3,Bairdiella chrysoura,74,4.4,1
PAP20200925-05,25.09.2020,Edge,3,Bairdiella chrysoura,51,1.4,1
PAP20200925-05,25.09.2020,Edge,3,Bairdiella chrysoura,64,2.7,1
PAP20200925-05,25.09.2020,Edge,3,Bairdiella chrysoura,36,0.5,1
PAP20200925-05,25.09.2020,Edge,3,Bairdiella chrysoura,65,2.9,1
PAP20200925-05,25.09.2020,Edge,3,Bairdiella chrysoura,76,4.2,1
PAP20200925-05,25.09.2020,Edge,3,Bairdiella chrysoura,71,3.6,1
PAP20200925-05,25.09.2020,Edge,3,Bairdiella chrysoura,45,0.9,1
PAP20200925-05,25.09.2020,Edge,3,Bairdiella chrysoura,73,4.1,1
PAP20200925-05,25.09.2020,Edge,3,Bairdiella chrysoura,48,1.2,1
PAP20200925-05,25.09.2020,Edge,3,Bairdiella chrysoura,47,1.1,1
PAP20200925-05,25.09.2020,Edge,3,Bairdiella chrysoura,69,3.3,1
PAP20200925-05,25.09.2020,Edge,3,Bairdiella chrysoura,56,1.8,1
PAP20200925-05,25.09.2020,Edge,3,Bairdiella chrysoura,64,2.8,1
PAP20200925-05,25.09.2020,Edge,3,Bairdiella chrysoura,66,2.8,1
PAP20200925-05,25.09.2020,Edge,3,Bairdiella chrysoura,55,1.9,1
PAP20200925-05,25.09.2020,Edge,3,Bairdiella chrysoura,39,0.6,1
PAP20200925-05,25.09.2020,Edge,3,Bairdiella chrysoura,55,2,1
PAP20200925-05,25.09.2020,Edge,3,Bairdiella chrysoura,,,31
PAP20200925-06,25.09.2020,Off,3,Bairdiella chrysoura,76,5.1,1
PAP20200925-08,25.09.2020,Off,4,Bairdiella chrysoura,78,46,1
PAP20200925-09,25.09.2020,Edge,5,Bairdiella chrysoura,66,2.9,1
PAP20200925-09,25.09.2020,Edge,5,Bairdiella chrysoura,62,2.3,1
PAP20200925-09,25.09.2020,Edge,5,Bairdiella chrysoura,60,2.2,1
PAP20200925-09,25.09.2020,Edge,5,Bairdiella chrysoura,48,1.2,1
PAP20200925-09,25.09.2020,Edge,5,Bairdiella chrysoura,49,1.4,1
PAP20200925-10,25.09.2020,Off,5,Bairdiella chrysoura,47,1,1
PAP20200925-10,25.09.2020,Off,5,Bairdiella chrysoura,42,0.8,1
PAP20200925-10,25.09.2020,Off,5,Bairdiella chrysoura,58,2.2,1
PAP20200925-10,25.09.2020,Off,5,Bairdiella chrysoura,49,1.2,1
PAP20200930-03,30.09.2020,Edge,2,Bairdiella chrysoura,73,4.8,1
PAP20200930-03,30.09.2020,Edge,2,Bairdiella chrysoura,57,2.2,1
PAP20200930-03,30.09.2020,Edge,2,Bairdiella chrysoura,46,1.1,1
PAP20200930-03,30.09.2020,Edge,2,Bairdiella chrysoura,66,3.6,1
PAP20200930-05,30.09.2020,Edge,3,Bairdiella chrysoura,67,3,1
PAP20200930-05,30.09.2020,Edge,3,Bairdiella chrysoura,79,5.4,1
PAP20200930-05,30.09.2020,Edge,3,Bairdiella chrysoura,55,1.9,1
PAP20200930-05,30.09.2020,Edge,3,Bairdiella chrysoura,44,0.9,1
PAP20200930-05,30.09.2020,Edge,3,Bairdiella chrysoura,40,0.7,1
PAP20200930-08,30.09.2020,Off,4,Bairdiella chrysoura,47,1.4,1
PAP20200930-08,30.09.2020,Off,4,Bairdiella chrysoura,67,3.4,1
PAP20200930-08,30.09.2020,Off,4,Bairdiella chrysoura,44,1,1
PAP20200930-08,30.09.2020,Off,4,Bairdiella chrysoura,64,2.9,1
PAP20200930-08,30.09.2020,Off,4,Bairdiella chrysoura,47,1.4,1
PAP20200930-08,30.09.2020,Off,4,Bairdiella chrysoura,56,2,1
PAP20200930-08,30.09.2020,Off,4,Bairdiella chrysoura,93,8.7,1
PAP20200930-08,30.09.2020,Off,4,Bairdiella chrysoura,55,1.9,1
PAP20200930-08,30.09.2020,Off,4,Bairdiella chrysoura,82,6.1,1
PAP20200930-08,30.09.2020,Off,4,Bairdiella chrysoura,62,2.7,1
PAP20200930-08,30.09.2020,Off,4,Bairdiella chrysoura,53,1.6,1
PAP20201007-03,07.10.2020,Edge,2,Bairdiella chrysoura,87,6.7,1
PAP20201007-03,07.10.2020,Edge,2,Bairdiella chrysoura,48,1.3,1
PAP20201007-03,07.10.2020,Edge,2,Bairdiella chrysoura,71,3.8,1
PAP20201007-03,07.10.2020,Edge,2,Bairdiella chrysoura,80,5.7,1
PAP20201007-03,07.10.2020,Edge,2,Bairdiella chrysoura,79,5.4,1
PAP20201007-03,07.10.2020,Edge,2,Bairdiella chrysoura,92,8.6,1
PAP20201007-03,07.10.2020,Edge,2,Bairdiella chrysoura,79,5.2,1
PAP20201007-03,07.10.2020,Edge,2,Bairdiella chrysoura,81,6.5,1
PAP20201007-03,07.10.2020,Edge,2,Bairdiella chrysoura,77,5.2,1
PAP20201007-03,07.10.2020,Edge,2,Bairdiella chrysoura,70,3.8,1
PAP20201007-03,07.10.2020,Edge,2,Bairdiella chrysoura,72,4,1
PAP20201007-03,07.10.2020,Edge,2,Bairdiella chrysoura,75,4.6,1
PAP20201007-03,07.10.2020,Edge,2,Bairdiella chrysoura,62,2.7,1
PAP20201007-03,07.10.2020,Edge,2,Bairdiella chrysoura,83,6.3,1
PAP20201007-03,07.10.2020,Edge,2,Bairdiella chrysoura,87,7.5,1
PAP20201007-03,07.10.2020,Edge,2,Bairdiella chrysoura,79,5.5,1
PAP20201007-03,07.10.2020,Edge,2,Bairdiella chrysoura,78,5.3,1
PAP20201007-03,07.10.2020,Edge,2,Bairdiella chrysoura,71,3.7,1
PAP20201007-03,07.10.2020,Edge,2,Bairdiella chrysoura,64,2.7,1
PAP20201007-03,07.10.2020,Edge,2,Bairdiella chrysoura,72,4.1,1
PAP20201007-03,07.10.2020,Edge,2,Bairdiella chrysoura,,,4
PAP20201007-05,07.10.2020,Edge,3,Bairdiella chrysoura,52,1.6,1
PAP20201007-08,07.10.2020,Off,4,Bairdiella chrysoura,68,3.3,1
PAP20201007-08,07.10.2020,Off,4,Bairdiella chrysoura,66,3.2,1
PAP20201007-08,07.10.2020,Off,4,Bairdiella chrysoura,74,4.5,1
PAP20201007-08,07.10.2020,Off,4,Bairdiella chrysoura,75,4.4,1
PAP20201007-08,07.10.2020,Off,4,Bairdiella chrysoura,48,1.3,1
PAP20201007-08,07.10.2020,Off,4,Bairdiella chrysoura,42,0.7,1
PAP20201007-08,07.10.2020,Off,4,Bairdiella chrysoura,78,5.1,1
PAP20201007-08,07.10.2020,Off,4,Bairdiella chrysoura,60,2.5,1
PAP20201007-08,07.10.2020,Off,4,Bairdiella chrysoura,75,4.5,1
PAP20201007-08,07.10.2020,Off,4,Bairdiella chrysoura,53,1.7,1
PAP20201007-08,07.10.2020,Off,4,Bairdiella chrysoura,64,3.1,1
PAP20201007-08,07.10.2020,Off,4,Bairdiella chrysoura,75,4.8,1
PAP20201007-08,07.10.2020,Off,4,Bairdiella chrysoura,65,3.3,1
PAP20201007-08,07.10.2020,Off,4,Bairdiella chrysoura,60,2.4,1
PAP20201007-08,07.10.2020,Off,4,Bairdiella chrysoura,55,2,1
PAP20201007-08,07.10.2020,Off,4,Bairdiella chrysoura,70,4,1
PAP20201007-08,07.10.2020,Off,4,Bairdiella chrysoura,76,4.9,1
PAP20201007-08,07.10.2020,Off,4,Bairdiella chrysoura,57,2.1,1
PAP20201015-01,15.10.2020,Edge,1,Bairdiella chrysoura,85,7.5,1
PAP20201015-05,15.10.2020,Edge,3,Bairdiella chrysoura,84,6.1,1
PAP20201015-05,15.10.2020,Edge,3,Bairdiella chrysoura,85,6,1
PAP20201015-05,15.10.2020,Edge,3,Bairdiella chrysoura,78,5.8,1
PAP20201015-05,15.10.2020,Edge,3,Bairdiella chrysoura,71,3.7,1
PAP20201015-05,15.10.2020,Edge,3,Bairdiella chrysoura,77,4.8,1
PAP20201015-05,15.10.2020,Edge,3,Bairdiella chrysoura,82,5.6,1
PAP20201015-05,15.10.2020,Edge,3,Bairdiella chrysoura,63,2.7,1
PAP20201015-08,15.10.2020,Off,4,Bairdiella chrysoura,62,3.2,1
PAP20201015-08,15.10.2020,Off,4,Bairdiella chrysoura,57,2.6,1
PAP20201015-08,15.10.2020,Off,4,Bairdiella chrysoura,61,2.8,1
PAP20201015-08,15.10.2020,Off,4,Bairdiella chrysoura,60,2.6,1
PAP20201015-08,15.10.2020,Off,4,Bairdiella chrysoura,63,2.7,1
PAP20201020-03,20.10.2020,Edge,2,Bairdiella chrysoura,67,3.3,1
PAP20201020-03,20.10.2020,Edge,2,Bairdiella chrysoura,61,2.5,1
PAP20201020-10,20.10.2020,Off,5,Bairdiella chrysoura,71,4.1,1
PAP20201112-10,12.11.2020,Off,5,Bairdiella chrysoura,80,6,1
